t_ms,V_mV,spike,I0_pA
0.1,-65.0,0,1000.0
0.2,-65.0,0,1000.0
0.3,-65.0,0,1000.0
0.4,-65.0,0,1000.0
0.5,-65.0,0,1000.0
0.6,-65.0,0,1000.0
0.7000000000000001,-65.0,0,1000.0
0.8,-65.0,0,1000.0
0.9,-65.0,0,1000.0
1.0,-65.0,0,1000.0
1.1,-65.0,0,1000.0
1.2,-64.60199334996672,0,1000.0
1.3,-64.20794693227022,0,1000.0
1.4000000000000001,-63.81782134194033,0,1000.0
1.5,-63.43157756609293,0,1000.0
1.6,-63.04917698002857,0,1000.0
1.7,-62.67058134336996,0,1000.0
1.8,-62.29575279623794,0,1000.0
1.9000000000000001,-61.92465385546545,0,1000.0
2.0,-61.55724741084914,0,1000.0
2.1,-61.1934967214384,0,1000.0
2.2,-60.83336541186115,0,1000.0
2.3000000000000003,-60.47681746868632,0,1000.0
2.4,-60.123817236822475,0,1000.0
2.5,-59.77432941595226,0,1000.0
2.6,-59.42831905700234,0,1000.0
2.7,-59.08575155864848,0,1000.0
2.8000000000000003,-58.746592663855374,0,1000.0
2.9,-58.41080845645091,0,1000.0
3.0,-58.078365357734526,0,1000.0
3.1,-57.74923012311931,0,1000.0
3.2,-57.42336983880752,0,1000.0
3.3000000000000003,-57.10075191849918,0,1000.0
3.4,-56.781344100133396,0,1000.0
3.5,-56.46511444266218,0,1000.0
3.6,-56.15203132285623,0,1000.0
3.7,-55.842063432142695,0,1000.0
3.8000000000000003,-55.53517977347417,0,1000.0
3.9,-55.231349658229064,0,1000.0
4.0,-54.93054270314265,0,1000.0
4.1,-54.632728827268764,0,1000.0
4.2,-54.33787824897162,0,1000.0
4.3,-54.04596148294768,0,1000.0
4.4,-53.75694933727709,0,1000.0
4.5,-53.470812910504435,0,1000.0
4.6000000000000005,-53.18752358874859,0,1000.0
4.7,-52.90705304284129,0,1000.0
4.8,-52.629373225494234,0,1000.0
4.9,-52.35445636849428,0,1000.0
5.0,-52.08227497992664,0,0.0
5.1000000000000005,-51.812801841425625,0,0.0
5.2,-51.54601000545283,0,0.0
5.3,-51.28187279260233,0,0.0
5.4,-51.02036378893272,0,0.0
5.5,-50.76145684332571,0,0.0
5.6000000000000005,-50.50512606487099,0,0.0
5.7,-50.251345820277095,0,0.0
5.8,-50.00009073130809,0,0.0
5.9,-65.0,1,0.0
6.0,-65.0,0,0.0
6.1000000000000005,-65.0,0,0.0
6.2,-65.0,0,0.0
6.3,-65.0,0,0.0
6.4,-65.0,0,0.0
6.5,-65.0,0,0.0
6.6000000000000005,-65.0,0,0.0
6.7,-65.0,0,0.0
6.8,-65.0,0,0.0
6.9,-65.0,0,0.0
7.0,-65.0,0,0.0
7.1000000000000005,-65.0,0,0.0
7.2,-65.0,0,0.0
7.3,-65.0,0,0.0
7.4,-65.0,0,0.0
7.5,-65.0,0,0.0
7.6000000000000005,-65.0,0,0.0
7.7,-65.0,0,0.0
7.8,-65.0,0,0.0
7.9,-65.0,0,0.0
8.0,-65.0,0,0.0
8.1,-65.0,0,0.0
8.2,-65.0,0,0.0
8.3,-65.0,0,0.0
8.4,-65.0,0,0.0
8.5,-65.0,0,0.0
8.6,-65.0,0,0.0
8.700000000000001,-65.0,0,0.0
8.8,-65.0,0,0.0
8.9,-65.0,0,0.0
9.0,-65.0,0,0.0
9.1,-65.0,0,0.0
9.200000000000001,-65.0,0,0.0
9.3,-65.0,0,0.0
9.4,-65.0,0,0.0
9.5,-65.0,0,0.0
9.6,-65.0,0,0.0
9.700000000000001,-65.0,0,0.0
9.8,-65.0,0,0.0
9.9,-65.0,0,0.0
10.0,-65.0,0,0.0
10.1,-65.0,0,0.0
10.200000000000001,-65.0,0,0.0
10.3,-65.0,0,0.0
10.4,-65.0,0,0.0
10.5,-65.0,0,0.0
10.6,-65.0,0,0.0
10.700000000000001,-65.0,0,0.0
10.8,-65.0,0,0.0
10.9,-65.0,0,0.0
11.0,-65.0,0,0.0
11.1,-65.0,0,0.0
11.200000000000001,-65.0,0,0.0
11.3,-65.0,0,0.0
11.4,-65.0,0,0.0
11.5,-65.0,0,0.0
11.6,-65.0,0,0.0
11.700000000000001,-65.0,0,0.0
11.8,-65.0,0,0.0
11.9,-65.0,0,0.0
12.0,-65.0,0,0.0
12.1,-65.0,0,0.0
12.200000000000001,-65.0,0,0.0
12.3,-65.0,0,0.0
12.4,-65.0,0,0.0
12.5,-65.0,0,0.0
12.6,-65.0,0,0.0
12.700000000000001,-65.0,0,0.0
12.8,-65.0,0,0.0
12.9,-65.0,0,0.0
13.0,-65.0,0,0.0
13.1,-65.0,0,0.0
13.200000000000001,-65.0,0,0.0
13.3,-65.0,0,0.0
13.4,-65.0,0,0.0
13.5,-65.0,0,0.0
13.6,-65.0,0,0.0
13.700000000000001,-65.0,0,0.0
13.8,-65.0,0,0.0
13.9,-65.0,0,0.0
14.0,-65.0,0,0.0
14.1,-65.0,0,0.0
14.200000000000001,-65.0,0,0.0
14.3,-65.0,0,0.0
14.4,-65.0,0,0.0
14.5,-65.0,0,0.0
14.6,-65.0,0,0.0
14.700000000000001,-65.0,0,0.0
14.8,-65.0,0,0.0
14.9,-65.0,0,0.0
15.0,-65.0,0,0.0
15.1,-65.0,0,0.0
15.200000000000001,-65.0,0,0.0
15.3,-65.0,0,0.0
15.4,-65.0,0,0.0
15.5,-65.0,0,0.0
15.6,-65.0,0,0.0
15.700000000000001,-65.0,0,0.0
15.8,-65.0,0,0.0
15.9,-65.0,0,0.0
16.0,-65.0,0,0.0
16.1,-65.0,0,0.0
16.2,-65.0,0,0.0
16.3,-65.0,0,0.0
16.4,-65.0,0,0.0
16.5,-65.0,0,0.0
16.6,-65.0,0,0.0
16.7,-65.0,0,0.0
16.8,-65.0,0,0.0
16.9,-65.0,0,0.0
17.0,-65.0,0,0.0
17.1,-65.0,0,0.0
17.2,-65.0,0,0.0
17.3,-65.0,0,0.0
17.400000000000002,-65.0,0,0.0
17.5,-65.0,0,0.0
17.6,-65.0,0,0.0
17.7,-65.0,0,0.0
17.8,-65.0,0,0.0
17.900000000000002,-65.0,0,0.0
18.0,-65.0,0,0.0
18.1,-65.0,0,0.0
18.2,-65.0,0,0.0
18.3,-65.0,0,0.0
18.400000000000002,-65.0,0,0.0
18.5,-65.0,0,0.0
18.6,-65.0,0,0.0
18.7,-65.0,0,0.0
18.8,-65.0,0,0.0
18.900000000000002,-65.0,0,0.0
19.0,-65.0,0,0.0
19.1,-65.0,0,0.0
19.2,-65.0,0,0.0
19.3,-65.0,0,0.0
19.400000000000002,-65.0,0,0.0
19.5,-65.0,0,0.0
19.6,-65.0,0,0.0
19.7,-65.0,0,0.0
19.8,-65.0,0,0.0
19.900000000000002,-65.0,0,0.0
20.0,-65.0,0,0.0
20.1,-65.0,0,0.0
20.2,-65.0,0,0.0
20.3,-65.0,0,0.0
20.400000000000002,-65.0,0,0.0
20.5,-65.0,0,0.0
20.6,-65.0,0,0.0
20.7,-65.0,0,0.0
20.8,-65.0,0,0.0
20.900000000000002,-65.0,0,0.0
21.0,-65.0,0,0.0
21.1,-65.0,0,0.0
21.2,-65.0,0,0.0
21.3,-65.0,0,0.0
21.400000000000002,-65.0,0,0.0
21.5,-65.0,0,0.0
21.6,-65.0,0,0.0
21.7,-65.0,0,0.0
21.8,-65.0,0,0.0
21.900000000000002,-65.0,0,0.0
22.0,-65.0,0,0.0
22.1,-65.0,0,0.0
22.2,-65.0,0,0.0
22.3,-65.0,0,0.0
22.400000000000002,-65.0,0,0.0
22.5,-65.0,0,0.0
22.6,-65.0,0,0.0
22.7,-65.0,0,0.0
22.8,-65.0,0,0.0
22.900000000000002,-65.0,0,0.0
23.0,-65.0,0,0.0
23.1,-65.0,0,0.0
23.2,-65.0,0,0.0
23.3,-65.0,0,0.0
23.400000000000002,-65.0,0,0.0
23.5,-65.0,0,0.0
23.6,-65.0,0,0.0
23.7,-65.0,0,0.0
23.8,-65.0,0,0.0
23.900000000000002,-65.0,0,0.0
24.0,-65.0,0,0.0
24.1,-65.0,0,0.0
24.2,-65.0,0,0.0
24.3,-65.0,0,0.0
24.400000000000002,-65.0,0,0.0
24.5,-65.0,0,0.0
24.6,-65.0,0,0.0
24.7,-65.0,0,0.0
24.8,-65.0,0,0.0
24.900000000000002,-65.0,0,0.0
25.0,-65.0,0,0.0
25.1,-65.0,0,0.0
25.2,-65.0,0,0.0
25.3,-65.0,0,0.0
25.400000000000002,-65.0,0,0.0
25.5,-65.0,0,0.0
25.6,-65.0,0,0.0
25.7,-65.0,0,0.0
25.8,-65.0,0,0.0
25.900000000000002,-65.0,0,0.0
26.0,-65.0,0,0.0
26.1,-65.0,0,0.0
26.2,-65.0,0,0.0
26.3,-65.0,0,0.0
26.400000000000002,-65.0,0,0.0
26.5,-65.0,0,0.0
26.6,-65.0,0,0.0
26.7,-65.0,0,0.0
26.8,-65.0,0,0.0
26.900000000000002,-65.0,0,0.0
27.0,-65.0,0,0.0
27.1,-65.0,0,0.0
27.2,-65.0,0,0.0
27.3,-65.0,0,0.0
27.400000000000002,-65.0,0,0.0
27.5,-65.0,0,0.0
27.6,-65.0,0,0.0
27.7,-65.0,0,0.0
27.8,-65.0,0,0.0
27.900000000000002,-65.0,0,0.0
28.0,-65.0,0,0.0
28.1,-65.0,0,0.0
28.2,-65.0,0,0.0
28.3,-65.0,0,0.0
28.400000000000002,-65.0,0,0.0
28.5,-65.0,0,0.0
28.6,-65.0,0,0.0
28.7,-65.0,0,0.0
28.8,-65.0,0,0.0
28.900000000000002,-65.0,0,0.0
29.0,-65.0,0,0.0
29.1,-65.0,0,0.0
29.2,-65.0,0,0.0
29.3,-65.0,0,0.0
29.400000000000002,-65.0,0,0.0
29.5,-65.0,0,0.0
29.6,-65.0,0,0.0
29.7,-65.0,0,0.0
29.8,-65.0,0,0.0
29.900000000000002,-65.0,0,0.0
30.0,-65.0,0,0.0
30.1,-65.0,0,0.0
30.2,-65.0,0,0.0
30.3,-65.0,0,0.0
30.400000000000002,-65.0,0,0.0
30.5,-65.0,0,0.0
30.6,-65.0,0,0.0
30.7,-65.0,0,0.0
30.8,-65.0,0,0.0
30.900000000000002,-65.0,0,0.0
31.0,-65.0,0,0.0
31.1,-65.0,0,0.0
31.2,-65.0,0,0.0
31.3,-65.0,0,0.0
31.400000000000002,-65.0,0,0.0
31.5,-65.0,0,0.0
31.6,-65.0,0,0.0
31.7,-65.0,0,0.0
31.8,-65.0,0,0.0
31.900000000000002,-65.0,0,0.0
32.0,-65.0,0,0.0
32.1,-65.0,0,0.0
32.2,-65.0,0,0.0
32.3,-65.0,0,0.0
32.4,-65.0,0,0.0
32.5,-65.0,0,0.0
32.6,-65.0,0,0.0
32.7,-65.0,0,0.0
32.8,-65.0,0,0.0
32.9,-65.0,0,0.0
33.0,-65.0,0,0.0
33.1,-65.0,0,0.0
33.2,-65.0,0,0.0
33.3,-65.0,0,0.0
33.4,-65.0,0,0.0
33.5,-65.0,0,0.0
33.6,-65.0,0,0.0
33.7,-65.0,0,0.0
33.8,-65.0,0,0.0
33.9,-65.0,0,0.0
34.0,-65.0,0,0.0
34.1,-65.0,0,0.0
34.2,-65.0,0,0.0
34.300000000000004,-65.0,0,0.0
34.4,-65.0,0,0.0
34.5,-65.0,0,0.0
34.6,-65.0,0,0.0
34.7,-65.0,0,0.0
34.800000000000004,-65.0,0,0.0
34.9,-65.0,0,0.0
35.0,-65.0,0,1000.0
35.1,-65.0,0,1000.0
35.2,-65.0,0,1000.0
35.300000000000004,-65.0,0,1000.0
35.4,-65.0,0,1000.0
35.5,-65.0,0,1000.0
35.6,-65.0,0,1000.0
35.7,-65.0,0,1000.0
35.800000000000004,-65.0,0,1000.0
35.9,-65.0,0,1000.0
36.0,-65.0,0,1000.0
36.1,-64.60199334996672,0,1000.0
36.2,-64.20794693227022,0,1000.0
36.300000000000004,-63.81782134194033,0,1000.0
36.4,-63.43157756609293,0,1000.0
36.5,-63.04917698002857,0,1000.0
36.6,-62.67058134336996,0,1000.0
36.7,-62.29575279623794,0,1000.0
36.800000000000004,-61.92465385546545,0,1000.0
36.9,-61.55724741084914,0,1000.0
37.0,-61.1934967214384,0,1000.0
37.1,-60.83336541186115,0,1000.0
37.2,-60.47681746868632,0,1000.0
37.300000000000004,-60.123817236822475,0,1000.0
37.4,-59.77432941595226,0,1000.0
37.5,-59.42831905700234,0,1000.0
37.6,-59.08575155864848,0,1000.0
37.7,-58.746592663855374,0,1000.0
37.800000000000004,-58.41080845645091,0,1000.0
37.9,-58.078365357734526,0,1000.0
38.0,-57.74923012311931,0,1000.0
38.1,-57.42336983880752,0,1000.0
38.2,-57.10075191849918,0,1000.0
38.300000000000004,-56.781344100133396,0,1000.0
38.4,-56.46511444266218,0,1000.0
38.5,-56.15203132285623,0,1000.0
38.6,-55.842063432142695,0,1000.0
38.7,-55.53517977347417,0,1000.0
38.800000000000004,-55.231349658229064,0,1000.0
38.9,-54.93054270314265,0,1000.0
39.0,-54.632728827268764,0,1000.0
39.1,-54.33787824897162,0,1000.0
39.2,-54.04596148294768,0,1000.0
39.300000000000004,-53.75694933727709,0,1000.0
39.4,-53.470812910504435,0,1000.0
39.5,-53.18752358874859,0,1000.0
39.6,-52.90705304284129,0,1000.0
39.7,-52.629373225494234,0,1000.0
39.800000000000004,-52.35445636849428,0,1000.0
39.9,-52.08227497992664,0,1000.0
40.0,-51.812801841425625,0,0.0
40.1,-51.54601000545283,0,0.0
40.2,-51.28187279260233,0,0.0
40.300000000000004,-51.02036378893272,0,0.0
40.4,-50.76145684332571,0,0.0
40.5,-50.50512606487099,0,0.0
40.6,-50.251345820277095,0,0.0
40.7,-50.00009073130809,0,0.0
40.800000000000004,-65.0,1,0.0
40.9,-65.0,0,0.0
41.0,-65.0,0,0.0
41.1,-65.0,0,0.0
41.2,-65.0,0,0.0
41.300000000000004,-65.0,0,0.0
41.4,-65.0,0,0.0
41.5,-65.0,0,0.0
41.6,-65.0,0,0.0
41.7,-65.0,0,0.0
41.800000000000004,-65.0,0,0.0
41.9,-65.0,0,0.0
42.0,-65.0,0,0.0
42.1,-65.0,0,0.0
42.2,-65.0,0,0.0
42.300000000000004,-65.0,0,0.0
42.4,-65.0,0,0.0
42.5,-65.0,0,0.0
42.6,-65.0,0,0.0
42.7,-65.0,0,0.0
42.800000000000004,-65.0,0,0.0
42.9,-65.0,0,0.0
43.0,-65.0,0,0.0
43.1,-65.0,0,0.0
43.2,-65.0,0,0.0
43.300000000000004,-65.0,0,0.0
43.4,-65.0,0,0.0
43.5,-65.0,0,0.0
43.6,-65.0,0,0.0
43.7,-65.0,0,0.0
43.800000000000004,-65.0,0,0.0
43.9,-65.0,0,0.0
44.0,-65.0,0,0.0
44.1,-65.0,0,0.0
44.2,-65.0,0,0.0
44.300000000000004,-65.0,0,0.0
44.4,-65.0,0,0.0
44.5,-65.0,0,0.0
44.6,-65.0,0,0.0
44.7,-65.0,0,0.0
44.800000000000004,-65.0,0,0.0
44.9,-65.0,0,0.0
45.0,-65.0,0,0.0
45.1,-65.0,0,0.0
45.2,-65.0,0,0.0
45.300000000000004,-65.0,0,0.0
45.4,-65.0,0,0.0
45.5,-65.0,0,0.0
45.6,-65.0,0,0.0
45.7,-65.0,0,0.0
45.800000000000004,-65.0,0,0.0
45.9,-65.0,0,0.0
46.0,-65.0,0,0.0
46.1,-65.0,0,0.0
46.2,-65.0,0,0.0
46.300000000000004,-65.0,0,0.0
46.4,-65.0,0,0.0
46.5,-65.0,0,0.0
46.6,-65.0,0,0.0
46.7,-65.0,0,0.0
46.800000000000004,-65.0,0,0.0
46.9,-65.0,0,0.0
47.0,-65.0,0,0.0
47.1,-65.0,0,0.0
47.2,-65.0,0,0.0
47.300000000000004,-65.0,0,0.0
47.4,-65.0,0,0.0
47.5,-65.0,0,0.0
47.6,-65.0,0,0.0
47.7,-65.0,0,0.0
47.800000000000004,-65.0,0,0.0
47.9,-65.0,0,0.0
48.0,-65.0,0,0.0
48.1,-65.0,0,0.0
48.2,-65.0,0,0.0
48.300000000000004,-65.0,0,0.0
48.4,-65.0,0,0.0
48.5,-65.0,0,0.0
48.6,-65.0,0,0.0
48.7,-65.0,0,0.0
48.800000000000004,-65.0,0,0.0
48.9,-65.0,0,0.0
49.0,-65.0,0,0.0
49.1,-65.0,0,0.0
49.2,-65.0,0,0.0
49.300000000000004,-65.0,0,0.0
49.4,-65.0,0,0.0
49.5,-65.0,0,0.0
49.6,-65.0,0,0.0
49.7,-65.0,0,0.0
49.800000000000004,-65.0,0,0.0
49.9,-65.0,0,0.0
50.0,-65.0,0,0.0
50.1,-65.0,0,0.0
50.2,-65.0,0,0.0
50.300000000000004,-65.0,0,0.0
50.4,-65.0,0,0.0
50.5,-65.0,0,0.0
50.6,-65.0,0,0.0
50.7,-65.0,0,0.0
50.800000000000004,-65.0,0,0.0
50.9,-65.0,0,0.0
51.0,-65.0,0,0.0
51.1,-65.0,0,0.0
51.2,-65.0,0,0.0
51.300000000000004,-65.0,0,0.0
51.4,-65.0,0,0.0
51.5,-65.0,0,0.0
51.6,-65.0,0,0.0
51.7,-65.0,0,0.0
51.800000000000004,-65.0,0,0.0
51.9,-65.0,0,0.0
52.0,-65.0,0,0.0
52.1,-65.0,0,0.0
52.2,-65.0,0,0.0
52.300000000000004,-65.0,0,0.0
52.4,-65.0,0,0.0
52.5,-65.0,0,0.0
52.6,-65.0,0,0.0
52.7,-65.0,0,0.0
52.800000000000004,-65.0,0,0.0
52.9,-65.0,0,0.0
53.0,-65.0,0,0.0
53.1,-65.0,0,0.0
53.2,-65.0,0,0.0
53.300000000000004,-65.0,0,0.0
53.4,-65.0,0,0.0
53.5,-65.0,0,0.0
53.6,-65.0,0,0.0
53.7,-65.0,0,0.0
53.800000000000004,-65.0,0,0.0
53.9,-65.0,0,0.0
54.0,-65.0,0,0.0
54.1,-65.0,0,0.0
54.2,-65.0,0,0.0
54.300000000000004,-65.0,0,0.0
54.4,-65.0,0,0.0
54.5,-65.0,0,0.0
54.6,-65.0,0,0.0
54.7,-65.0,0,0.0
54.800000000000004,-65.0,0,0.0
54.9,-65.0,0,0.0
55.0,-65.0,0,0.0
55.1,-65.0,0,0.0
55.2,-65.0,0,0.0
55.300000000000004,-65.0,0,0.0
55.4,-65.0,0,0.0
55.5,-65.0,0,0.0
55.6,-65.0,0,0.0
55.7,-65.0,0,0.0
55.800000000000004,-65.0,0,0.0
55.9,-65.0,0,0.0
56.0,-65.0,0,0.0
56.1,-65.0,0,0.0
56.2,-65.0,0,0.0
56.300000000000004,-65.0,0,0.0
56.4,-65.0,0,0.0
56.5,-65.0,0,0.0
56.6,-65.0,0,0.0
56.7,-65.0,0,0.0
56.800000000000004,-65.0,0,0.0
56.9,-65.0,0,0.0
57.0,-65.0,0,0.0
57.1,-65.0,0,0.0
57.2,-65.0,0,0.0
57.300000000000004,-65.0,0,0.0
57.4,-65.0,0,0.0
57.5,-65.0,0,0.0
57.6,-65.0,0,0.0
57.7,-65.0,0,0.0
57.800000000000004,-65.0,0,0.0
57.9,-65.0,0,0.0
58.0,-65.0,0,0.0
58.1,-65.0,0,0.0
58.2,-65.0,0,0.0
58.300000000000004,-65.0,0,0.0
58.4,-65.0,0,0.0
58.5,-65.0,0,0.0
58.6,-65.0,0,0.0
58.7,-65.0,0,0.0
58.800000000000004,-65.0,0,0.0
58.9,-65.0,0,0.0
59.0,-65.0,0,0.0
59.1,-65.0,0,0.0
59.2,-65.0,0,0.0
59.300000000000004,-65.0,0,0.0
59.4,-65.0,0,0.0
59.5,-65.0,0,0.0
59.6,-65.0,0,0.0
59.7,-65.0,0,0.0
59.800000000000004,-65.0,0,0.0
59.9,-65.0,0,0.0
60.0,-65.0,0,0.0
60.1,-65.0,0,0.0
60.2,-65.0,0,0.0
60.300000000000004,-65.0,0,0.0
60.4,-65.0,0,0.0
60.5,-65.0,0,0.0
60.6,-65.0,0,0.0
60.7,-65.0,0,0.0
60.800000000000004,-65.0,0,0.0
60.9,-65.0,0,0.0
61.0,-65.0,0,0.0
61.1,-65.0,0,0.0
61.2,-65.0,0,0.0
61.300000000000004,-65.0,0,0.0
61.4,-65.0,0,0.0
61.5,-65.0,0,0.0
61.6,-65.0,0,0.0
61.7,-65.0,0,0.0
61.800000000000004,-65.0,0,0.0
61.9,-65.0,0,0.0
62.0,-65.0,0,0.0
62.1,-65.0,0,0.0
62.2,-65.0,0,0.0
62.300000000000004,-65.0,0,0.0
62.4,-65.0,0,0.0
62.5,-65.0,0,0.0
62.6,-65.0,0,0.0
62.7,-65.0,0,0.0
62.800000000000004,-65.0,0,0.0
62.9,-65.0,0,0.0
63.0,-65.0,0,0.0
63.1,-65.0,0,0.0
63.2,-65.0,0,0.0
63.300000000000004,-65.0,0,0.0
63.4,-65.0,0,0.0
63.5,-65.0,0,0.0
63.6,-65.0,0,0.0
63.7,-65.0,0,0.0
63.800000000000004,-65.0,0,0.0
63.9,-65.0,0,0.0
64.0,-65.0,0,0.0
64.1,-65.0,0,0.0
64.2,-65.0,0,0.0
64.3,-65.0,0,0.0
64.4,-65.0,0,0.0
64.5,-65.0,0,0.0
64.6,-65.0,0,0.0
64.7,-65.0,0,0.0
64.8,-65.0,0,0.0
64.9,-65.0,0,0.0
65.0,-65.0,0,0.0
65.1,-65.0,0,0.0
65.2,-65.0,0,0.0
65.3,-65.0,0,0.0
65.4,-65.0,0,0.0
65.5,-65.0,0,0.0
65.6,-65.0,0,0.0
65.7,-65.0,0,0.0
65.8,-65.0,0,0.0
65.9,-65.0,0,0.0
66.0,-65.0,0,0.0
66.1,-65.0,0,0.0
66.2,-65.0,0,0.0
66.3,-65.0,0,0.0
66.4,-65.0,0,0.0
66.5,-65.0,0,0.0
66.6,-65.0,0,0.0
66.7,-65.0,0,0.0
66.8,-65.0,0,0.0
66.9,-65.0,0,0.0
67.0,-65.0,0,0.0
67.1,-65.0,0,0.0
67.2,-65.0,0,0.0
67.3,-65.0,0,0.0
67.4,-65.0,0,0.0
67.5,-65.0,0,0.0
67.6,-65.0,0,0.0
67.7,-65.0,0,0.0
67.8,-65.0,0,0.0
67.9,-65.0,0,0.0
68.0,-65.0,0,0.0
68.1,-65.0,0,0.0
68.2,-65.0,0,0.0
68.3,-65.0,0,0.0
68.4,-65.0,0,0.0
68.5,-65.0,0,0.0
68.60000000000001,-65.0,0,0.0
68.7,-65.0,0,0.0
68.8,-65.0,0,0.0
68.9,-65.0,0,0.0
69.0,-65.0,0,0.0
69.10000000000001,-65.0,0,0.0
69.2,-65.0,0,0.0
69.3,-65.0,0,0.0
69.4,-65.0,0,0.0
69.5,-65.0,0,0.0
69.60000000000001,-65.0,0,0.0
69.7,-65.0,0,0.0
69.8,-65.0,0,0.0
69.9,-65.0,0,0.0
70.0,-65.0,0,0.0
70.10000000000001,-65.0,0,0.0
70.2,-65.0,0,0.0
70.3,-65.0,0,0.0
70.4,-65.0,0,0.0
70.5,-65.0,0,0.0
70.60000000000001,-65.0,0,0.0
70.7,-65.0,0,0.0
70.8,-65.0,0,0.0
70.9,-65.0,0,0.0
71.0,-65.0,0,0.0
71.10000000000001,-65.0,0,0.0
71.2,-65.0,0,0.0
71.3,-65.0,0,0.0
71.4,-65.0,0,0.0
71.5,-65.0,0,0.0
71.60000000000001,-65.0,0,0.0
71.7,-65.0,0,0.0
71.8,-65.0,0,0.0
71.9,-65.0,0,0.0
72.0,-65.0,0,0.0
72.10000000000001,-65.0,0,0.0
72.2,-65.0,0,0.0
72.3,-65.0,0,0.0
72.4,-65.0,0,0.0
72.5,-65.0,0,0.0
72.60000000000001,-65.0,0,0.0
72.7,-65.0,0,0.0
72.8,-65.0,0,0.0
72.9,-65.0,0,0.0
73.0,-65.0,0,0.0
73.10000000000001,-65.0,0,0.0
73.2,-65.0,0,0.0
73.3,-65.0,0,0.0
73.4,-65.0,0,0.0
73.5,-65.0,0,0.0
73.60000000000001,-65.0,0,0.0
73.7,-65.0,0,0.0
73.8,-65.0,0,0.0
73.9,-65.0,0,0.0
74.0,-65.0,0,0.0
74.10000000000001,-65.0,0,0.0
74.2,-65.0,0,0.0
74.3,-65.0,0,0.0
74.4,-65.0,0,0.0
74.5,-65.0,0,0.0
74.60000000000001,-65.0,0,0.0
74.7,-65.0,0,0.0
74.8,-65.0,0,0.0
74.9,-65.0,0,0.0
75.0,-65.0,0,0.0
75.10000000000001,-65.0,0,0.0
75.2,-65.0,0,0.0
75.3,-65.0,0,0.0
75.4,-65.0,0,0.0
75.5,-65.0,0,0.0
75.60000000000001,-65.0,0,0.0
75.7,-65.0,0,0.0
75.8,-65.0,0,0.0
75.9,-65.0,0,0.0
76.0,-65.0,0,0.0
76.10000000000001,-65.0,0,0.0
76.2,-65.0,0,0.0
76.3,-65.0,0,0.0
76.4,-65.0,0,0.0
76.5,-65.0,0,0.0
76.60000000000001,-65.0,0,0.0
76.7,-65.0,0,0.0
76.8,-65.0,0,0.0
76.9,-65.0,0,0.0
77.0,-65.0,0,0.0
77.10000000000001,-65.0,0,0.0
77.2,-65.0,0,0.0
77.3,-65.0,0,0.0
77.4,-65.0,0,0.0
77.5,-65.0,0,0.0
77.60000000000001,-65.0,0,0.0
77.7,-65.0,0,0.0
77.8,-65.0,0,0.0
77.9,-65.0,0,0.0
78.0,-65.0,0,0.0
78.10000000000001,-65.0,0,0.0
78.2,-65.0,0,0.0
78.3,-65.0,0,0.0
78.4,-65.0,0,0.0
78.5,-65.0,0,0.0
78.60000000000001,-65.0,0,0.0
78.7,-65.0,0,0.0
78.8,-65.0,0,0.0
78.9,-65.0,0,0.0
79.0,-65.0,0,0.0
79.10000000000001,-65.0,0,0.0
79.2,-65.0,0,0.0
79.3,-65.0,0,0.0
79.4,-65.0,0,0.0
79.5,-65.0,0,0.0
79.60000000000001,-65.0,0,0.0
79.7,-65.0,0,0.0
79.8,-65.0,0,0.0
79.9,-65.0,0,0.0
80.0,-65.0,0,0.0
80.10000000000001,-65.0,0,0.0
80.2,-65.0,0,0.0
80.3,-65.0,0,0.0
80.4,-65.0,0,0.0
80.5,-65.0,0,0.0
80.60000000000001,-65.0,0,0.0
80.7,-65.0,0,0.0
80.8,-65.0,0,0.0
80.9,-65.0,0,0.0
81.0,-65.0,0,0.0
81.10000000000001,-65.0,0,0.0
81.2,-65.0,0,0.0
81.3,-65.0,0,0.0
81.4,-65.0,0,0.0
81.5,-65.0,0,0.0
81.60000000000001,-65.0,0,0.0
81.7,-65.0,0,0.0
81.8,-65.0,0,0.0
81.9,-65.0,0,0.0
82.0,-65.0,0,0.0
82.10000000000001,-65.0,0,0.0
82.2,-65.0,0,0.0
82.3,-65.0,0,0.0
82.4,-65.0,0,0.0
82.5,-65.0,0,0.0
82.60000000000001,-65.0,0,0.0
82.7,-65.0,0,0.0
82.8,-65.0,0,0.0
82.9,-65.0,0,0.0
83.0,-65.0,0,0.0
83.10000000000001,-65.0,0,0.0
83.2,-65.0,0,0.0
83.3,-65.0,0,0.0
83.4,-65.0,0,0.0
83.5,-65.0,0,0.0
83.60000000000001,-65.0,0,0.0
83.7,-65.0,0,0.0
83.8,-65.0,0,0.0
83.9,-65.0,0,0.0
84.0,-65.0,0,0.0
84.10000000000001,-65.0,0,0.0
84.2,-65.0,0,0.0
84.3,-65.0,0,0.0
84.4,-65.0,0,0.0
84.5,-65.0,0,0.0
84.60000000000001,-65.0,0,0.0
84.7,-65.0,0,0.0
84.8,-65.0,0,0.0
84.9,-65.0,0,0.0
85.0,-65.0,0,0.0
85.10000000000001,-65.0,0,0.0
85.2,-65.0,0,0.0
85.3,-65.0,0,0.0
85.4,-65.0,0,0.0
85.5,-65.0,0,0.0
85.60000000000001,-65.0,0,0.0
85.7,-65.0,0,0.0
85.8,-65.0,0,0.0
85.9,-65.0,0,0.0
86.0,-65.0,0,0.0
86.10000000000001,-65.0,0,0.0
86.2,-65.0,0,0.0
86.3,-65.0,0,0.0
86.4,-65.0,0,0.0
86.5,-65.0,0,0.0
86.60000000000001,-65.0,0,0.0
86.7,-65.0,0,0.0
86.8,-65.0,0,0.0
86.9,-65.0,0,0.0
87.0,-65.0,0,0.0
87.10000000000001,-65.0,0,0.0
87.2,-65.0,0,0.0
87.3,-65.0,0,0.0
87.4,-65.0,0,0.0
87.5,-65.0,0,0.0
87.60000000000001,-65.0,0,0.0
87.7,-65.0,0,0.0
87.8,-65.0,0,0.0
87.9,-65.0,0,0.0
88.0,-65.0,0,0.0
88.10000000000001,-65.0,0,0.0
88.2,-65.0,0,0.0
88.3,-65.0,0,0.0
88.4,-65.0,0,0.0
88.5,-65.0,0,0.0
88.60000000000001,-65.0,0,0.0
88.7,-65.0,0,0.0
88.8,-65.0,0,0.0
88.9,-65.0,0,0.0
89.0,-65.0,0,0.0
89.10000000000001,-65.0,0,0.0
89.2,-65.0,0,0.0
89.3,-65.0,0,0.0
89.4,-65.0,0,0.0
89.5,-65.0,0,0.0
89.60000000000001,-65.0,0,0.0
89.7,-65.0,0,0.0
89.8,-65.0,0,0.0
89.9,-65.0,0,0.0
90.0,-65.0,0,0.0
90.10000000000001,-65.0,0,0.0
90.2,-65.0,0,0.0
90.3,-65.0,0,0.0
90.4,-65.0,0,0.0
90.5,-65.0,0,0.0
90.60000000000001,-65.0,0,0.0
90.7,-65.0,0,0.0
90.8,-65.0,0,0.0
90.9,-65.0,0,0.0
91.0,-65.0,0,0.0
91.10000000000001,-65.0,0,0.0
91.2,-65.0,0,0.0
91.3,-65.0,0,0.0
91.4,-65.0,0,0.0
91.5,-65.0,0,0.0
91.60000000000001,-65.0,0,0.0
91.7,-65.0,0,0.0
91.8,-65.0,0,0.0
91.9,-65.0,0,0.0
92.0,-65.0,0,0.0
92.10000000000001,-65.0,0,0.0
92.2,-65.0,0,0.0
92.3,-65.0,0,0.0
92.4,-65.0,0,0.0
92.5,-65.0,0,0.0
92.60000000000001,-65.0,0,0.0
92.7,-65.0,0,0.0
92.8,-65.0,0,0.0
92.9,-65.0,0,0.0
93.0,-65.0,0,0.0
93.10000000000001,-65.0,0,0.0
93.2,-65.0,0,0.0
93.3,-65.0,0,0.0
93.4,-65.0,0,0.0
93.5,-65.0,0,0.0
93.60000000000001,-65.0,0,0.0
93.7,-65.0,0,0.0
93.8,-65.0,0,0.0
93.9,-65.0,0,0.0
94.0,-65.0,0,0.0
94.10000000000001,-65.0,0,0.0
94.2,-65.0,0,0.0
94.3,-65.0,0,0.0
94.4,-65.0,0,0.0
94.5,-65.0,0,0.0
94.60000000000001,-65.0,0,0.0
94.7,-65.0,0,0.0
94.8,-65.0,0,0.0
94.9,-65.0,0,0.0
95.0,-65.0,0,0.0
95.10000000000001,-65.0,0,0.0
95.2,-65.0,0,0.0
95.3,-65.0,0,0.0
95.4,-65.0,0,0.0
95.5,-65.0,0,0.0
95.60000000000001,-65.0,0,0.0
95.7,-65.0,0,0.0
95.8,-65.0,0,0.0
95.9,-65.0,0,0.0
96.0,-65.0,0,0.0
96.10000000000001,-65.0,0,0.0
96.2,-65.0,0,0.0
96.3,-65.0,0,0.0
96.4,-65.0,0,0.0
96.5,-65.0,0,0.0
96.60000000000001,-65.0,0,0.0
96.7,-65.0,0,0.0
96.8,-65.0,0,0.0
96.9,-65.0,0,0.0
97.0,-65.0,0,0.0
97.10000000000001,-65.0,0,0.0
97.2,-65.0,0,0.0
97.3,-65.0,0,0.0
97.4,-65.0,0,0.0
97.5,-65.0,0,0.0
97.60000000000001,-65.0,0,0.0
97.7,-65.0,0,0.0
97.8,-65.0,0,0.0
97.9,-65.0,0,0.0
98.0,-65.0,0,0.0
98.10000000000001,-65.0,0,0.0
98.2,-65.0,0,0.0
98.3,-65.0,0,0.0
98.4,-65.0,0,0.0
98.5,-65.0,0,0.0
98.60000000000001,-65.0,0,0.0
98.7,-65.0,0,0.0
98.8,-65.0,0,0.0
98.9,-65.0,0,0.0
99.0,-65.0,0,0.0
99.10000000000001,-65.0,0,0.0
99.2,-65.0,0,0.0
99.3,-65.0,0,0.0
99.4,-65.0,0,0.0
99.5,-65.0,0,0.0
99.60000000000001,-65.0,0,0.0
99.7,-65.0,0,0.0
99.8,-65.0,0,0.0
99.9,-65.0,0,0.0
100.0,-65.0,0,0.0
100.10000000000001,-65.0,0,0.0
100.2,-65.0,0,0.0
100.3,-65.0,0,0.0
100.4,-65.0,0,0.0
100.5,-65.0,0,0.0
100.60000000000001,-65.0,0,0.0
100.7,-65.0,0,0.0
100.8,-65.0,0,0.0
100.9,-65.0,0,0.0
101.0,-65.0,0,0.0
101.10000000000001,-65.0,0,0.0
101.2,-65.0,0,0.0
101.3,-65.0,0,0.0
101.4,-65.0,0,0.0
101.5,-65.0,0,0.0
101.60000000000001,-65.0,0,0.0
101.7,-65.0,0,0.0
101.8,-65.0,0,0.0
101.9,-65.0,0,0.0
102.0,-65.0,0,0.0
102.10000000000001,-65.0,0,0.0
102.2,-65.0,0,0.0
102.3,-65.0,0,0.0
102.4,-65.0,0,0.0
102.5,-65.0,0,0.0
102.60000000000001,-65.0,0,0.0
102.7,-65.0,0,0.0
102.8,-65.0,0,0.0
102.9,-65.0,0,0.0
103.0,-65.0,0,0.0
103.10000000000001,-65.0,0,0.0
103.2,-65.0,0,0.0
103.3,-65.0,0,0.0
103.4,-65.0,0,0.0
103.5,-65.0,0,0.0
103.60000000000001,-65.0,0,0.0
103.7,-65.0,0,0.0
103.8,-65.0,0,0.0
103.9,-65.0,0,0.0
104.0,-65.0,0,0.0
104.10000000000001,-65.0,0,0.0
104.2,-65.0,0,0.0
104.3,-65.0,0,0.0
104.4,-65.0,0,0.0
104.5,-65.0,0,0.0
104.60000000000001,-65.0,0,0.0
104.7,-65.0,0,0.0
104.8,-65.0,0,0.0
104.9,-65.0,0,0.0
105.0,-65.0,0,0.0
105.10000000000001,-65.0,0,0.0
105.2,-65.0,0,0.0
105.3,-65.0,0,0.0
105.4,-65.0,0,0.0
105.5,-65.0,0,0.0
105.60000000000001,-65.0,0,0.0
105.7,-65.0,0,0.0
105.8,-65.0,0,0.0
105.9,-65.0,0,0.0
106.0,-65.0,0,0.0
106.10000000000001,-65.0,0,0.0
106.2,-65.0,0,0.0
106.3,-65.0,0,0.0
106.4,-65.0,0,0.0
106.5,-65.0,0,0.0
106.60000000000001,-65.0,0,0.0
106.7,-65.0,0,0.0
106.8,-65.0,0,0.0
106.9,-65.0,0,0.0
107.0,-65.0,0,0.0
107.10000000000001,-65.0,0,0.0
107.2,-65.0,0,0.0
107.3,-65.0,0,0.0
107.4,-65.0,0,0.0
107.5,-65.0,0,0.0
107.60000000000001,-65.0,0,0.0
107.7,-65.0,0,0.0
107.8,-65.0,0,0.0
107.9,-65.0,0,0.0
108.0,-65.0,0,0.0
108.10000000000001,-65.0,0,0.0
108.2,-65.0,0,0.0
108.3,-65.0,0,0.0
108.4,-65.0,0,0.0
108.5,-65.0,0,0.0
108.60000000000001,-65.0,0,0.0
108.7,-65.0,0,0.0
108.8,-65.0,0,0.0
108.9,-65.0,0,0.0
109.0,-65.0,0,0.0
109.10000000000001,-65.0,0,0.0
109.2,-65.0,0,0.0
109.3,-65.0,0,0.0
109.4,-65.0,0,0.0
109.5,-65.0,0,0.0
109.60000000000001,-65.0,0,0.0
109.7,-65.0,0,0.0
109.8,-65.0,0,0.0
109.9,-65.0,0,0.0
110.0,-65.0,0,0.0
110.10000000000001,-65.0,0,0.0
110.2,-65.0,0,0.0
110.3,-65.0,0,0.0
110.4,-65.0,0,0.0
110.5,-65.0,0,0.0
110.60000000000001,-65.0,0,0.0
110.7,-65.0,0,0.0
110.8,-65.0,0,0.0
110.9,-65.0,0,0.0
111.0,-65.0,0,0.0
111.10000000000001,-65.0,0,0.0
111.2,-65.0,0,0.0
111.3,-65.0,0,0.0
111.4,-65.0,0,0.0
111.5,-65.0,0,0.0
111.60000000000001,-65.0,0,0.0
111.7,-65.0,0,0.0
111.8,-65.0,0,0.0
111.9,-65.0,0,0.0
112.0,-65.0,0,0.0
112.10000000000001,-65.0,0,0.0
112.2,-65.0,0,0.0
112.3,-65.0,0,0.0
112.4,-65.0,0,0.0
112.5,-65.0,0,0.0
112.60000000000001,-65.0,0,0.0
112.7,-65.0,0,0.0
112.8,-65.0,0,0.0
112.9,-65.0,0,0.0
113.0,-65.0,0,0.0
113.10000000000001,-65.0,0,0.0
113.2,-65.0,0,0.0
113.3,-65.0,0,0.0
113.4,-65.0,0,0.0
113.5,-65.0,0,0.0
113.60000000000001,-65.0,0,0.0
113.7,-65.0,0,0.0
113.8,-65.0,0,0.0
113.9,-65.0,0,0.0
114.0,-65.0,0,0.0
114.10000000000001,-65.0,0,0.0
114.2,-65.0,0,0.0
114.3,-65.0,0,0.0
114.4,-65.0,0,0.0
114.5,-65.0,0,0.0
114.60000000000001,-65.0,0,0.0
114.7,-65.0,0,0.0
114.8,-65.0,0,0.0
114.9,-65.0,0,0.0
115.0,-65.0,0,0.0
115.10000000000001,-65.0,0,0.0
115.2,-65.0,0,0.0
115.3,-65.0,0,0.0
115.4,-65.0,0,0.0
115.5,-65.0,0,0.0
115.60000000000001,-65.0,0,0.0
115.7,-65.0,0,0.0
115.8,-65.0,0,0.0
115.9,-65.0,0,0.0
116.0,-65.0,0,0.0
116.10000000000001,-65.0,0,0.0
116.2,-65.0,0,0.0
116.3,-65.0,0,0.0
116.4,-65.0,0,0.0
116.5,-65.0,0,0.0
116.60000000000001,-65.0,0,0.0
116.7,-65.0,0,0.0
116.8,-65.0,0,0.0
116.9,-65.0,0,0.0
117.0,-65.0,0,0.0
117.10000000000001,-65.0,0,0.0
117.2,-65.0,0,0.0
117.3,-65.0,0,0.0
117.4,-65.0,0,0.0
117.5,-65.0,0,0.0
117.60000000000001,-65.0,0,0.0
117.7,-65.0,0,0.0
117.8,-65.0,0,0.0
117.9,-65.0,0,0.0
118.0,-65.0,0,0.0
118.10000000000001,-65.0,0,0.0
118.2,-65.0,0,0.0
118.3,-65.0,0,0.0
118.4,-65.0,0,0.0
118.5,-65.0,0,0.0
118.60000000000001,-65.0,0,0.0
118.7,-65.0,0,0.0
118.8,-65.0,0,0.0
118.9,-65.0,0,0.0
119.0,-65.0,0,0.0
119.10000000000001,-65.0,0,0.0
119.2,-65.0,0,0.0
119.3,-65.0,0,0.0
119.4,-65.0,0,0.0
119.5,-65.0,0,0.0
119.60000000000001,-65.0,0,0.0
119.7,-65.0,0,0.0
119.8,-65.0,0,0.0
119.9,-65.0,0,0.0
120.0,-65.0,0,0.0
120.10000000000001,-65.0,0,0.0
120.2,-65.0,0,0.0
120.3,-65.0,0,0.0
120.4,-65.0,0,0.0
120.5,-65.0,0,0.0
120.60000000000001,-65.0,0,0.0
120.7,-65.0,0,0.0
120.8,-65.0,0,0.0
120.9,-65.0,0,0.0
121.0,-65.0,0,0.0
121.10000000000001,-65.0,0,0.0
121.2,-65.0,0,0.0
121.3,-65.0,0,0.0
121.4,-65.0,0,0.0
121.5,-65.0,0,0.0
121.60000000000001,-65.0,0,0.0
121.7,-65.0,0,0.0
121.8,-65.0,0,0.0
121.9,-65.0,0,0.0
122.0,-65.0,0,0.0
122.10000000000001,-65.0,0,0.0
122.2,-65.0,0,0.0
122.3,-65.0,0,0.0
122.4,-65.0,0,0.0
122.5,-65.0,0,0.0
122.60000000000001,-65.0,0,0.0
122.7,-65.0,0,0.0
122.8,-65.0,0,0.0
122.9,-65.0,0,0.0
123.0,-65.0,0,0.0
123.10000000000001,-65.0,0,0.0
123.2,-65.0,0,0.0
123.3,-65.0,0,0.0
123.4,-65.0,0,0.0
123.5,-65.0,0,0.0
123.60000000000001,-65.0,0,0.0
123.7,-65.0,0,0.0
123.8,-65.0,0,0.0
123.9,-65.0,0,0.0
124.0,-65.0,0,0.0
124.10000000000001,-65.0,0,0.0
124.2,-65.0,0,0.0
124.3,-65.0,0,0.0
124.4,-65.0,0,0.0
124.5,-65.0,0,0.0
124.60000000000001,-65.0,0,0.0
124.7,-65.0,0,0.0
124.8,-65.0,0,0.0
124.9,-65.0,0,0.0
125.0,-65.0,0,0.0
125.10000000000001,-65.0,0,0.0
125.2,-65.0,0,0.0
125.3,-65.0,0,0.0
125.4,-65.0,0,0.0
125.5,-65.0,0,0.0
125.60000000000001,-65.0,0,0.0
125.7,-65.0,0,0.0
125.8,-65.0,0,0.0
125.9,-65.0,0,0.0
126.0,-65.0,0,0.0
126.10000000000001,-65.0,0,0.0
126.2,-65.0,0,0.0
126.3,-65.0,0,0.0
126.4,-65.0,0,0.0
126.5,-65.0,0,0.0
126.60000000000001,-65.0,0,0.0
126.7,-65.0,0,0.0
126.8,-65.0,0,0.0
126.9,-65.0,0,0.0
127.0,-65.0,0,0.0
127.10000000000001,-65.0,0,0.0
127.2,-65.0,0,0.0
127.3,-65.0,0,0.0
127.4,-65.0,0,0.0
127.5,-65.0,0,0.0
127.60000000000001,-65.0,0,0.0
127.7,-65.0,0,0.0
127.8,-65.0,0,0.0
127.9,-65.0,0,0.0
128.0,-65.0,0,0.0
128.1,-65.0,0,0.0
128.2,-65.0,0,0.0
128.3,-65.0,0,0.0
128.4,-65.0,0,0.0
128.5,-65.0,0,0.0
128.6,-65.0,0,0.0
128.7,-65.0,0,0.0
128.8,-65.0,0,0.0
128.9,-65.0,0,0.0
129.0,-65.0,0,0.0
129.1,-65.0,0,0.0
129.2,-65.0,0,0.0
129.3,-65.0,0,0.0
129.4,-65.0,0,0.0
129.5,-65.0,0,0.0
129.6,-65.0,0,0.0
129.7,-65.0,0,0.0
129.8,-65.0,0,0.0
129.9,-65.0,0,0.0
130.0,-65.0,0,0.0
130.1,-65.0,0,0.0
130.2,-65.0,0,0.0
130.3,-65.0,0,0.0
130.4,-65.0,0,0.0
130.5,-65.0,0,0.0
130.6,-65.0,0,0.0
130.7,-65.0,0,0.0
130.8,-65.0,0,0.0
130.9,-65.0,0,0.0
131.0,-65.0,0,0.0
131.1,-65.0,0,0.0
131.2,-65.0,0,0.0
131.3,-65.0,0,0.0
131.4,-65.0,0,0.0
131.5,-65.0,0,0.0
131.6,-65.0,0,0.0
131.7,-65.0,0,0.0
131.8,-65.0,0,0.0
131.9,-65.0,0,0.0
132.0,-65.0,0,0.0
132.1,-65.0,0,0.0
132.2,-65.0,0,0.0
132.3,-65.0,0,0.0
132.4,-65.0,0,0.0
132.5,-65.0,0,0.0
132.6,-65.0,0,0.0
132.7,-65.0,0,0.0
132.8,-65.0,0,0.0
132.9,-65.0,0,0.0
133.0,-65.0,0,0.0
133.1,-65.0,0,0.0
133.2,-65.0,0,0.0
133.3,-65.0,0,0.0
133.4,-65.0,0,0.0
133.5,-65.0,0,0.0
133.6,-65.0,0,0.0
133.7,-65.0,0,0.0
133.8,-65.0,0,0.0
133.9,-65.0,0,0.0
134.0,-65.0,0,0.0
134.1,-65.0,0,0.0
134.2,-65.0,0,0.0
134.3,-65.0,0,0.0
134.4,-65.0,0,0.0
134.5,-65.0,0,0.0
134.6,-65.0,0,0.0
134.7,-65.0,0,0.0
134.8,-65.0,0,0.0
134.9,-65.0,0,0.0
135.0,-65.0,0,0.0
135.1,-65.0,0,0.0
135.2,-65.0,0,0.0
135.3,-65.0,0,0.0
135.4,-65.0,0,0.0
135.5,-65.0,0,0.0
135.6,-65.0,0,0.0
135.7,-65.0,0,0.0
135.8,-65.0,0,0.0
135.9,-65.0,0,0.0
136.0,-65.0,0,0.0
136.1,-65.0,0,0.0
136.2,-65.0,0,0.0
136.3,-65.0,0,0.0
136.4,-65.0,0,0.0
136.5,-65.0,0,0.0
136.6,-65.0,0,0.0
136.70000000000002,-65.0,0,0.0
136.8,-65.0,0,0.0
136.9,-65.0,0,0.0
137.0,-65.0,0,0.0
137.1,-65.0,0,0.0
137.20000000000002,-65.0,0,0.0
137.3,-65.0,0,0.0
137.4,-65.0,0,0.0
137.5,-65.0,0,0.0
137.6,-65.0,0,0.0
137.70000000000002,-65.0,0,0.0
137.8,-65.0,0,0.0
137.9,-65.0,0,0.0
138.0,-65.0,0,0.0
138.1,-65.0,0,0.0
138.20000000000002,-65.0,0,0.0
138.3,-65.0,0,0.0
138.4,-65.0,0,0.0
138.5,-65.0,0,0.0
138.6,-65.0,0,0.0
138.70000000000002,-65.0,0,0.0
138.8,-65.0,0,0.0
138.9,-65.0,0,0.0
139.0,-65.0,0,0.0
139.1,-65.0,0,0.0
139.20000000000002,-65.0,0,0.0
139.3,-65.0,0,0.0
139.4,-65.0,0,0.0
139.5,-65.0,0,0.0
139.6,-65.0,0,0.0
139.70000000000002,-65.0,0,0.0
139.8,-65.0,0,0.0
139.9,-65.0,0,0.0
140.0,-65.0,0,0.0
140.1,-65.0,0,0.0
140.20000000000002,-65.0,0,0.0
140.3,-65.0,0,0.0
140.4,-65.0,0,0.0
140.5,-65.0,0,0.0
140.6,-65.0,0,0.0
140.70000000000002,-65.0,0,0.0
140.8,-65.0,0,0.0
140.9,-65.0,0,0.0
141.0,-65.0,0,0.0
141.1,-65.0,0,0.0
141.20000000000002,-65.0,0,0.0
141.3,-65.0,0,0.0
141.4,-65.0,0,0.0
141.5,-65.0,0,0.0
141.6,-65.0,0,0.0
141.70000000000002,-65.0,0,0.0
141.8,-65.0,0,0.0
141.9,-65.0,0,0.0
142.0,-65.0,0,0.0
142.1,-65.0,0,0.0
142.20000000000002,-65.0,0,0.0
142.3,-65.0,0,0.0
142.4,-65.0,0,0.0
142.5,-65.0,0,0.0
142.6,-65.0,0,0.0
142.70000000000002,-65.0,0,0.0
142.8,-65.0,0,0.0
142.9,-65.0,0,0.0
143.0,-65.0,0,0.0
143.1,-65.0,0,0.0
143.20000000000002,-65.0,0,0.0
143.3,-65.0,0,0.0
143.4,-65.0,0,0.0
143.5,-65.0,0,0.0
143.6,-65.0,0,0.0
143.70000000000002,-65.0,0,0.0
143.8,-65.0,0,0.0
143.9,-65.0,0,0.0
144.0,-65.0,0,0.0
144.1,-65.0,0,0.0
144.20000000000002,-65.0,0,0.0
144.3,-65.0,0,0.0
144.4,-65.0,0,0.0
144.5,-65.0,0,0.0
144.6,-65.0,0,0.0
144.70000000000002,-65.0,0,0.0
144.8,-65.0,0,0.0
144.9,-65.0,0,0.0
145.0,-65.0,0,0.0
145.1,-65.0,0,0.0
145.20000000000002,-65.0,0,0.0
145.3,-65.0,0,0.0
145.4,-65.0,0,0.0
145.5,-65.0,0,0.0
145.6,-65.0,0,0.0
145.70000000000002,-65.0,0,0.0
145.8,-65.0,0,0.0
145.9,-65.0,0,0.0
146.0,-65.0,0,0.0
146.1,-65.0,0,0.0
146.20000000000002,-65.0,0,0.0
146.3,-65.0,0,0.0
146.4,-65.0,0,0.0
146.5,-65.0,0,0.0
146.6,-65.0,0,0.0
146.70000000000002,-65.0,0,0.0
146.8,-65.0,0,0.0
146.9,-65.0,0,0.0
147.0,-65.0,0,0.0
147.1,-65.0,0,0.0
147.20000000000002,-65.0,0,0.0
147.3,-65.0,0,0.0
147.4,-65.0,0,0.0
147.5,-65.0,0,0.0
147.6,-65.0,0,0.0
147.70000000000002,-65.0,0,0.0
147.8,-65.0,0,0.0
147.9,-65.0,0,0.0
148.0,-65.0,0,0.0
148.1,-65.0,0,0.0
148.20000000000002,-65.0,0,0.0
148.3,-65.0,0,0.0
148.4,-65.0,0,0.0
148.5,-65.0,0,0.0
148.6,-65.0,0,0.0
148.70000000000002,-65.0,0,0.0
148.8,-65.0,0,0.0
148.9,-65.0,0,0.0
149.0,-65.0,0,0.0
149.1,-65.0,0,0.0
149.20000000000002,-65.0,0,0.0
149.3,-65.0,0,0.0
149.4,-65.0,0,0.0
149.5,-65.0,0,0.0
149.6,-65.0,0,0.0
149.70000000000002,-65.0,0,0.0
149.8,-65.0,0,0.0
149.9,-65.0,0,0.0
150.0,-65.0,0,0.0
150.1,-65.0,0,0.0
150.20000000000002,-65.0,0,0.0
150.3,-65.0,0,0.0
150.4,-65.0,0,0.0
150.5,-65.0,0,0.0
150.6,-65.0,0,0.0
150.70000000000002,-65.0,0,0.0
150.8,-65.0,0,0.0
150.9,-65.0,0,0.0
151.0,-65.0,0,0.0
151.1,-65.0,0,0.0
151.20000000000002,-65.0,0,0.0
151.3,-65.0,0,0.0
151.4,-65.0,0,0.0
151.5,-65.0,0,0.0
151.6,-65.0,0,0.0
151.70000000000002,-65.0,0,0.0
151.8,-65.0,0,0.0
151.9,-65.0,0,0.0
152.0,-65.0,0,0.0
152.1,-65.0,0,0.0
152.20000000000002,-65.0,0,0.0
152.3,-65.0,0,0.0
152.4,-65.0,0,0.0
152.5,-65.0,0,0.0
152.6,-65.0,0,0.0
152.70000000000002,-65.0,0,0.0
152.8,-65.0,0,0.0
152.9,-65.0,0,0.0
153.0,-65.0,0,0.0
153.1,-65.0,0,0.0
153.20000000000002,-65.0,0,0.0
153.3,-65.0,0,0.0
153.4,-65.0,0,0.0
153.5,-65.0,0,0.0
153.6,-65.0,0,0.0
153.70000000000002,-65.0,0,0.0
153.8,-65.0,0,0.0
153.9,-65.0,0,0.0
154.0,-65.0,0,0.0
154.1,-65.0,0,0.0
154.20000000000002,-65.0,0,0.0
154.3,-65.0,0,0.0
154.4,-65.0,0,0.0
154.5,-65.0,0,0.0
154.6,-65.0,0,0.0
154.70000000000002,-65.0,0,0.0
154.8,-65.0,0,0.0
154.9,-65.0,0,0.0
155.0,-65.0,0,0.0
155.1,-65.0,0,0.0
155.20000000000002,-65.0,0,0.0
155.3,-65.0,0,0.0
155.4,-65.0,0,0.0
155.5,-65.0,0,0.0
155.6,-65.0,0,0.0
155.70000000000002,-65.0,0,0.0
155.8,-65.0,0,0.0
155.9,-65.0,0,0.0
156.0,-65.0,0,0.0
156.1,-65.0,0,0.0
156.20000000000002,-65.0,0,0.0
156.3,-65.0,0,0.0
156.4,-65.0,0,0.0
156.5,-65.0,0,0.0
156.6,-65.0,0,0.0
156.70000000000002,-65.0,0,0.0
156.8,-65.0,0,0.0
156.9,-65.0,0,0.0
157.0,-65.0,0,0.0
157.1,-65.0,0,0.0
157.20000000000002,-65.0,0,0.0
157.3,-65.0,0,0.0
157.4,-65.0,0,0.0
157.5,-65.0,0,0.0
157.6,-65.0,0,0.0
157.70000000000002,-65.0,0,0.0
157.8,-65.0,0,0.0
157.9,-65.0,0,0.0
158.0,-65.0,0,0.0
158.1,-65.0,0,0.0
158.20000000000002,-65.0,0,0.0
158.3,-65.0,0,0.0
158.4,-65.0,0,0.0
158.5,-65.0,0,0.0
158.6,-65.0,0,0.0
158.70000000000002,-65.0,0,0.0
158.8,-65.0,0,0.0
158.9,-65.0,0,0.0
159.0,-65.0,0,0.0
159.1,-65.0,0,0.0
159.20000000000002,-65.0,0,0.0
159.3,-65.0,0,0.0
159.4,-65.0,0,0.0
159.5,-65.0,0,0.0
159.6,-65.0,0,0.0
159.70000000000002,-65.0,0,0.0
159.8,-65.0,0,0.0
159.9,-65.0,0,0.0
160.0,-65.0,0,0.0
160.1,-65.0,0,0.0
160.20000000000002,-65.0,0,0.0
160.3,-65.0,0,0.0
160.4,-65.0,0,0.0
160.5,-65.0,0,0.0
160.6,-65.0,0,0.0
160.70000000000002,-65.0,0,0.0
160.8,-65.0,0,0.0
160.9,-65.0,0,0.0
161.0,-65.0,0,0.0
161.1,-65.0,0,0.0
161.20000000000002,-65.0,0,0.0
161.3,-65.0,0,0.0
161.4,-65.0,0,0.0
161.5,-65.0,0,0.0
161.6,-65.0,0,0.0
161.70000000000002,-65.0,0,0.0
161.8,-65.0,0,0.0
161.9,-65.0,0,0.0
162.0,-65.0,0,0.0
162.1,-65.0,0,0.0
162.20000000000002,-65.0,0,0.0
162.3,-65.0,0,0.0
162.4,-65.0,0,0.0
162.5,-65.0,0,0.0
162.6,-65.0,0,0.0
162.70000000000002,-65.0,0,0.0
162.8,-65.0,0,0.0
162.9,-65.0,0,0.0
163.0,-65.0,0,0.0
163.1,-65.0,0,0.0
163.20000000000002,-65.0,0,0.0
163.3,-65.0,0,0.0
163.4,-65.0,0,0.0
163.5,-65.0,0,0.0
163.6,-65.0,0,0.0
163.70000000000002,-65.0,0,0.0
163.8,-65.0,0,0.0
163.9,-65.0,0,0.0
164.0,-65.0,0,0.0
164.1,-65.0,0,0.0
164.20000000000002,-65.0,0,0.0
164.3,-65.0,0,0.0
164.4,-65.0,0,0.0
164.5,-65.0,0,0.0
164.6,-65.0,0,0.0
164.70000000000002,-65.0,0,0.0
164.8,-65.0,0,0.0
164.9,-65.0,0,0.0
165.0,-65.0,0,0.0
165.1,-65.0,0,0.0
165.20000000000002,-65.0,0,0.0
165.3,-65.0,0,0.0
165.4,-65.0,0,0.0
165.5,-65.0,0,0.0
165.6,-65.0,0,0.0
165.70000000000002,-65.0,0,0.0
165.8,-65.0,0,0.0
165.9,-65.0,0,0.0
166.0,-65.0,0,0.0
166.1,-65.0,0,0.0
166.20000000000002,-65.0,0,0.0
166.3,-65.0,0,0.0
166.4,-65.0,0,0.0
166.5,-65.0,0,0.0
166.6,-65.0,0,0.0
166.70000000000002,-65.0,0,0.0
166.8,-65.0,0,0.0
166.9,-65.0,0,0.0
167.0,-65.0,0,0.0
167.1,-65.0,0,0.0
167.20000000000002,-65.0,0,0.0
167.3,-65.0,0,0.0
167.4,-65.0,0,0.0
167.5,-65.0,0,0.0
167.6,-65.0,0,0.0
167.70000000000002,-65.0,0,0.0
167.8,-65.0,0,0.0
167.9,-65.0,0,0.0
168.0,-65.0,0,0.0
168.1,-65.0,0,0.0
168.20000000000002,-65.0,0,0.0
168.3,-65.0,0,0.0
168.4,-65.0,0,0.0
168.5,-65.0,0,0.0
168.6,-65.0,0,0.0
168.70000000000002,-65.0,0,0.0
168.8,-65.0,0,0.0
168.9,-65.0,0,0.0
169.0,-65.0,0,0.0
169.1,-65.0,0,0.0
169.20000000000002,-65.0,0,0.0
169.3,-65.0,0,0.0
169.4,-65.0,0,0.0
169.5,-65.0,0,0.0
169.6,-65.0,0,0.0
169.70000000000002,-65.0,0,0.0
169.8,-65.0,0,0.0
169.9,-65.0,0,0.0
170.0,-65.0,0,0.0
170.1,-65.0,0,0.0
170.20000000000002,-65.0,0,0.0
170.3,-65.0,0,0.0
170.4,-65.0,0,0.0
170.5,-65.0,0,0.0
170.6,-65.0,0,0.0
170.70000000000002,-65.0,0,0.0
170.8,-65.0,0,0.0
170.9,-65.0,0,0.0
171.0,-65.0,0,0.0
171.1,-65.0,0,0.0
171.20000000000002,-65.0,0,0.0
171.3,-65.0,0,0.0
171.4,-65.0,0,0.0
171.5,-65.0,0,0.0
171.6,-65.0,0,0.0
171.70000000000002,-65.0,0,0.0
171.8,-65.0,0,0.0
171.9,-65.0,0,0.0
172.0,-65.0,0,0.0
172.1,-65.0,0,0.0
172.20000000000002,-65.0,0,0.0
172.3,-65.0,0,0.0
172.4,-65.0,0,0.0
172.5,-65.0,0,0.0
172.6,-65.0,0,0.0
172.70000000000002,-65.0,0,0.0
172.8,-65.0,0,0.0
172.9,-65.0,0,0.0
173.0,-65.0,0,0.0
173.1,-65.0,0,0.0
173.20000000000002,-65.0,0,0.0
173.3,-65.0,0,0.0
173.4,-65.0,0,0.0
173.5,-65.0,0,0.0
173.6,-65.0,0,0.0
173.70000000000002,-65.0,0,0.0
173.8,-65.0,0,0.0
173.9,-65.0,0,0.0
174.0,-65.0,0,0.0
174.1,-65.0,0,0.0
174.20000000000002,-65.0,0,0.0
174.3,-65.0,0,0.0
174.4,-65.0,0,0.0
174.5,-65.0,0,0.0
174.6,-65.0,0,0.0
174.70000000000002,-65.0,0,0.0
174.8,-65.0,0,0.0
174.9,-65.0,0,0.0
175.0,-65.0,0,0.0
175.1,-65.0,0,0.0
175.20000000000002,-65.0,0,0.0
175.3,-65.0,0,0.0
175.4,-65.0,0,0.0
175.5,-65.0,0,0.0
175.6,-65.0,0,0.0
175.70000000000002,-65.0,0,0.0
175.8,-65.0,0,0.0
175.9,-65.0,0,0.0
176.0,-65.0,0,0.0
176.1,-65.0,0,0.0
176.20000000000002,-65.0,0,0.0
176.3,-65.0,0,0.0
176.4,-65.0,0,0.0
176.5,-65.0,0,0.0
176.6,-65.0,0,0.0
176.70000000000002,-65.0,0,0.0
176.8,-65.0,0,0.0
176.9,-65.0,0,0.0
177.0,-65.0,0,0.0
177.1,-65.0,0,0.0
177.20000000000002,-65.0,0,0.0
177.3,-65.0,0,0.0
177.4,-65.0,0,0.0
177.5,-65.0,0,0.0
177.6,-65.0,0,0.0
177.70000000000002,-65.0,0,0.0
177.8,-65.0,0,0.0
177.9,-65.0,0,0.0
178.0,-65.0,0,0.0
178.1,-65.0,0,0.0
178.20000000000002,-65.0,0,0.0
178.3,-65.0,0,0.0
178.4,-65.0,0,0.0
178.5,-65.0,0,0.0
178.6,-65.0,0,0.0
178.70000000000002,-65.0,0,0.0
178.8,-65.0,0,0.0
178.9,-65.0,0,0.0
179.0,-65.0,0,0.0
179.1,-65.0,0,0.0
179.20000000000002,-65.0,0,0.0
179.3,-65.0,0,0.0
179.4,-65.0,0,0.0
179.5,-65.0,0,0.0
179.6,-65.0,0,0.0
179.70000000000002,-65.0,0,0.0
179.8,-65.0,0,0.0
179.9,-65.0,0,0.0
180.0,-65.0,0,0.0
180.1,-65.0,0,0.0
180.20000000000002,-65.0,0,0.0
180.3,-65.0,0,0.0
180.4,-65.0,0,0.0
180.5,-65.0,0,0.0
180.6,-65.0,0,0.0
180.70000000000002,-65.0,0,0.0
180.8,-65.0,0,0.0
180.9,-65.0,0,0.0
181.0,-65.0,0,0.0
181.1,-65.0,0,0.0
181.20000000000002,-65.0,0,0.0
181.3,-65.0,0,0.0
181.4,-65.0,0,0.0
181.5,-65.0,0,0.0
181.6,-65.0,0,0.0
181.70000000000002,-65.0,0,0.0
181.8,-65.0,0,0.0
181.9,-65.0,0,0.0
182.0,-65.0,0,0.0
182.1,-65.0,0,0.0
182.20000000000002,-65.0,0,0.0
182.3,-65.0,0,0.0
182.4,-65.0,0,0.0
182.5,-65.0,0,0.0
182.6,-65.0,0,0.0
182.70000000000002,-65.0,0,0.0
182.8,-65.0,0,0.0
182.9,-65.0,0,0.0
183.0,-65.0,0,0.0
183.1,-65.0,0,0.0
183.20000000000002,-65.0,0,0.0
183.3,-65.0,0,0.0
183.4,-65.0,0,0.0
183.5,-65.0,0,0.0
183.6,-65.0,0,0.0
183.70000000000002,-65.0,0,0.0
183.8,-65.0,0,0.0
183.9,-65.0,0,0.0
184.0,-65.0,0,0.0
184.1,-65.0,0,0.0
184.20000000000002,-65.0,0,0.0
184.3,-65.0,0,0.0
184.4,-65.0,0,0.0
184.5,-65.0,0,0.0
184.6,-65.0,0,0.0
184.70000000000002,-65.0,0,0.0
184.8,-65.0,0,0.0
184.9,-65.0,0,0.0
185.0,-65.0,0,0.0
185.1,-65.0,0,0.0
185.20000000000002,-65.0,0,0.0
185.3,-65.0,0,0.0
185.4,-65.0,0,0.0
185.5,-65.0,0,0.0
185.6,-65.0,0,0.0
185.70000000000002,-65.0,0,0.0
185.8,-65.0,0,0.0
185.9,-65.0,0,0.0
186.0,-65.0,0,0.0
186.1,-65.0,0,0.0
186.20000000000002,-65.0,0,0.0
186.3,-65.0,0,0.0
186.4,-65.0,0,0.0
186.5,-65.0,0,0.0
186.6,-65.0,0,0.0
186.70000000000002,-65.0,0,0.0
186.8,-65.0,0,0.0
186.9,-65.0,0,0.0
187.0,-65.0,0,0.0
187.1,-65.0,0,0.0
187.20000000000002,-65.0,0,0.0
187.3,-65.0,0,0.0
187.4,-65.0,0,0.0
187.5,-65.0,0,0.0
187.6,-65.0,0,0.0
187.70000000000002,-65.0,0,0.0
187.8,-65.0,0,0.0
187.9,-65.0,0,0.0
188.0,-65.0,0,0.0
188.1,-65.0,0,0.0
188.20000000000002,-65.0,0,0.0
188.3,-65.0,0,0.0
188.4,-65.0,0,0.0
188.5,-65.0,0,0.0
188.6,-65.0,0,0.0
188.70000000000002,-65.0,0,0.0
188.8,-65.0,0,0.0
188.9,-65.0,0,0.0
189.0,-65.0,0,0.0
189.1,-65.0,0,0.0
189.20000000000002,-65.0,0,0.0
189.3,-65.0,0,0.0
189.4,-65.0,0,0.0
189.5,-65.0,0,0.0
189.6,-65.0,0,0.0
189.70000000000002,-65.0,0,0.0
189.8,-65.0,0,0.0
189.9,-65.0,0,0.0
190.0,-65.0,0,0.0
190.1,-65.0,0,0.0
190.20000000000002,-65.0,0,0.0
190.3,-65.0,0,0.0
190.4,-65.0,0,0.0
190.5,-65.0,0,0.0
190.6,-65.0,0,0.0
190.70000000000002,-65.0,0,0.0
190.8,-65.0,0,0.0
190.9,-65.0,0,0.0
191.0,-65.0,0,0.0
191.1,-65.0,0,0.0
191.20000000000002,-65.0,0,0.0
191.3,-65.0,0,0.0
191.4,-65.0,0,0.0
191.5,-65.0,0,0.0
191.6,-65.0,0,0.0
191.70000000000002,-65.0,0,0.0
191.8,-65.0,0,0.0
191.9,-65.0,0,0.0
192.0,-65.0,0,0.0
192.1,-65.0,0,0.0
192.20000000000002,-65.0,0,0.0
192.3,-65.0,0,0.0
192.4,-65.0,0,0.0
192.5,-65.0,0,0.0
192.6,-65.0,0,0.0
192.70000000000002,-65.0,0,0.0
192.8,-65.0,0,0.0
192.9,-65.0,0,0.0
193.0,-65.0,0,0.0
193.1,-65.0,0,0.0
193.20000000000002,-65.0,0,0.0
193.3,-65.0,0,0.0
193.4,-65.0,0,0.0
193.5,-65.0,0,0.0
193.6,-65.0,0,0.0
193.70000000000002,-65.0,0,0.0
193.8,-65.0,0,0.0
193.9,-65.0,0,0.0
194.0,-65.0,0,0.0
194.1,-65.0,0,0.0
194.20000000000002,-65.0,0,0.0
194.3,-65.0,0,0.0
194.4,-65.0,0,0.0
194.5,-65.0,0,0.0
194.6,-65.0,0,0.0
194.70000000000002,-65.0,0,0.0
194.8,-65.0,0,0.0
194.9,-65.0,0,0.0
195.0,-65.0,0,0.0
195.1,-65.0,0,0.0
195.20000000000002,-65.0,0,0.0
195.3,-65.0,0,0.0
195.4,-65.0,0,0.0
195.5,-65.0,0,0.0
195.6,-65.0,0,0.0
195.70000000000002,-65.0,0,0.0
195.8,-65.0,0,0.0
195.9,-65.0,0,0.0
196.0,-65.0,0,0.0
196.1,-65.0,0,0.0
196.20000000000002,-65.0,0,0.0
196.3,-65.0,0,0.0
196.4,-65.0,0,0.0
196.5,-65.0,0,0.0
196.6,-65.0,0,0.0
196.70000000000002,-65.0,0,0.0
196.8,-65.0,0,0.0
196.9,-65.0,0,0.0
197.0,-65.0,0,0.0
197.1,-65.0,0,0.0
197.20000000000002,-65.0,0,0.0
197.3,-65.0,0,0.0
197.4,-65.0,0,0.0
197.5,-65.0,0,0.0
197.6,-65.0,0,0.0
197.70000000000002,-65.0,0,0.0
197.8,-65.0,0,0.0
197.9,-65.0,0,0.0
198.0,-65.0,0,0.0
198.1,-65.0,0,0.0
198.20000000000002,-65.0,0,0.0
198.3,-65.0,0,0.0
198.4,-65.0,0,0.0
198.5,-65.0,0,0.0
198.6,-65.0,0,0.0
198.70000000000002,-65.0,0,0.0
198.8,-65.0,0,0.0
198.9,-65.0,0,0.0
199.0,-65.0,0,0.0
